ticker,company
A,Agilent Technologies
AAL,American Airlines Group
AAP,Advance Auto Parts
AAPL,Apple
ABBV,AbbVie
ABC,AmerisourceBergen
ABMD,Abiomed
ABT,Abbott Laboratories
ACN,Accenture
ADBE,Adobe
ADI,Analog Devices
ADM,ADM
ADP,Automatic Data Processing
ADSK,Autodesk
AEE,Ameren Corp
AEP,American Electric Power
AES,AES Corp
AFL,Aflac
AIG,American International Group
AIZ,Assurant
AJG,Arthur J. Gallagher & Co.
AKAM,Akamai Technologies
ALB,Albemarle Corporation
ALGN,Align Technology
ALK,Alaska Air Group
ALL,Allstate Corp
ALLE,Allegion
AMAT,Applied Materials
AMCR,Amcor
AMD,Advanced Micro Devices
AME,Ametek
AMGN,Amgen
AMP,Ameriprise Financial
AMT,American Tower
AMZN,Amazon
ANET,Arista Networks
ANSS,Ansys
ANTM,Anthem
AON,Aon
AOS,A. O. Smith
APA,APA Corporation
APD,Air Products & Chemicals
APH,Amphenol
APTV,Aptiv
ARE,Alexandria Real Estate Equities
ATO,Atmos Energy
ATVI,Activision Blizzard
AVB,AvalonBay Communities
AVGO,Broadcom
AVY,Avery Dennison
AWK,American Water Works
AXP,American Express
AZO,AutoZone
BA,Boeing
BAC,Bank of America
BAX,Baxter International
BBWI,Bath & Body Works Inc.
BBY,Best Buy
BDX,Becton Dickinson
BEN,Franklin Resources
BF.B,Brown–Forman
BIIB,Biogen
BIO,Bio-Rad Laboratories
BK,BNY Mellon
BKNG,Booking Holdings
BKR,Baker Hughes
BLK,BlackRock
BLL,Ball Corp
BMY,Bristol Myers Squibb
BR,Broadridge Financial Solutions
BRK.B,Berkshire Hathaway
BRO,Brown & Brown
BSX,Boston Scientific
BWA,BorgWarner
BXP,Boston Properties
C,Citigroup
CAG,Conagra Brands
CAH,Cardinal Health
CARR,Carrier Global
CAT,Caterpillar
CB,Chubb
CBOE,Cboe Global Markets
CBRE,CBRE
CCI,Crown Castle
CCL,Carnival Corporation
CDAY,Ceridian
CDNS,Cadence Design Systems
CDW,CDW
CE,Celanese
CERN,Cerner
CF,CF Industries
CFG,Citizens Financial Group
CHD,Church & Dwight
CHRW,C. H. Robinson
CHTR,Charter Communications
CI,Cigna
CINF,Cincinnati Financial
CL,Colgate-Palmolive
CLX,Clorox
CMA,Comerica
CMCSA,Comcast
CME,CME Group
CMG,Chipotle Mexican Grill
CMI,Cummins
CMS,CMS Energy
CNC,Centene Corporation
CNP,CenterPoint Energy
COF,Capital One Financial
COO,The Cooper Companies
COP,ConocoPhillips
COST,Costco
CPB,Campbell Soup
CPRT,Copart
CRL,Charles River Laboratories
CRM,Salesforce
CSCO,Cisco Systems
CSX,CSX
CTAS,Cintas Corporation
CTLT,Catalent
CTRA,Coterra
CTSH,Cognizant Technology Solutions
CTVA,Corteva
CTXS,Citrix Systems
CVS,CVS Health
CVX,Chevron Corporation
CZR,Caesars Entertainment
D,Dominion Energy
DAL,Delta Air Lines
DD,DuPont
DE,Deere & Co.
DFS,Discover Financial Services
DG,Dollar General
DGX,Quest Diagnostics
DHI,D. R. Horton
DHR,Danaher Corporation
DIS,The Walt Disney Company
DISCA,Discovery (Series A)
DISCK,Discovery (Series C)
DISH,Dish Network
DLR,Digital Realty Trust
DLTR,Dollar Tree
DOV,Dover Corporation
DOW,Dow
DPZ,Domino's Pizza
DRE,Duke Realty Corp
DRI,Darden Restaurants
DTE,DTE Energy
DUK,Duke Energy
DVA,DaVita
DVN,Devon Energy
DXC,DXC Technology
DXCM,DexCom
EA,Electronic Arts
EBAY,eBay
ECL,Ecolab
ED,Consolidated Edison
EFX,Equifax
EIX,Edison International
EL,Estée Lauder Companies
EMN,Eastman Chemical
EMR,Emerson Electric Company
ENPH,Enphase Energy
EOG,EOG Resources
EQIX,Equinix
EQR,Equity Residential
ES,Eversource Energy
ESS,Essex Property Trust
ETN,Eaton Corporation
ETR,Entergy
ETSY,Etsy
EVRG,Evergy
EW,Edwards Lifesciences
EXC,Exelon
EXPD,Expeditors
EXPE,Expedia Group
EXR,Extra Space Storage
F,Ford
FANG,Diamondback Energy
FAST,Fastenal
FB,Facebook
FBHS,Fortune Brands Home & Security
FCX,Freeport-McMoRan
FDX,FedEx
FE,FirstEnergy
FFIV,F5 Networks
FIS,Fidelity National Information Services
FISV,Fiserv
FITB,Fifth Third Bancorp
FLT,Fleetcor
FMC,FMC Corporation
FOX,Fox Corporation (Class B)
FOXA,Fox Corporation (Class A)
FRC,First Republic Bank
FRT,Federal Realty Investment Trust
FTNT,Fortinet
FTV,Fortive
GD,General Dynamics
GE,General Electric
GILD,Gilead Sciences
GIS,General Mills
GL,Globe Life
GLW,Corning
GM,General Motors
GNRC,Generac Holdings
GOOG,Alphabet (Class C)
GOOGL,Alphabet (Class A)
GPC,Genuine Parts
GPN,Global Payments
GPS,Gap
GRMN,Garmin
GS,Goldman Sachs
GWW,W. W. Grainger
HAL,Halliburton
HAS,Hasbro
HBAN,Huntington Bancshares
HBI,Hanesbrands
HCA,HCA Healthcare
HD,Home Depot
HES,Hess Corporation
HIG,The Hartford
HII,Huntington Ingalls Industries
HLT,Hilton Worldwide
HOLX,Hologic
HON,Honeywell
HPE,Hewlett Packard Enterprise
HPQ,HP
HRL,Hormel
HSIC,Henry Schein
HST,Host Hotels & Resorts
HSY,The Hershey Company
HUM,Humana
HWM,Howmet Aerospace
IBM,IBM
ICE,Intercontinental Exchange
IDXX,Idexx Laboratories
IEX,IDEX Corporation
IFF,International Flavors & Fragrances
ILMN,Illumina
INCY,Incyte
INFO,IHS Markit
INTC,Intel
INTU,Intuit
IP,International Paper
IPG,Interpublic Group
IPGP,IPG Photonics
IQV,IQVIA
IR,Ingersoll Rand
IRM,Iron Mountain
ISRG,Intuitive Surgical
IT,Gartner
ITW,Illinois Tool Works
IVZ,Invesco
J,Jacobs Engineering Group
JBHT,J. B. Hunt
JCI,Johnson Controls
JKHY,Jack Henry & Associates
JNJ,Johnson & Johnson
JNPR,Juniper Networks
JPM,JPMorgan Chase
K,Kellogg's
KEY,KeyCorp
KEYS,Keysight Technologies
KHC,Kraft Heinz
KIM,Kimco Realty
KLAC,KLA Corporation
KMB,Kimberly-Clark
KMI,Kinder Morgan
KMX,CarMax
KO,Coca-Cola Company
KR,Kroger
KSU,Kansas City Southern
L,Loews Corporation
LDOS,Leidos
LEG,Leggett & Platt
LEN,Lennar
LH,LabCorp
LHX,L3Harris Technologies
LIN,Linde
LKQ,LKQ Corporation
LLY,Eli Lilly & Co
LMT,Lockheed Martin
LNC,Lincoln National
LNT,Alliant Energy
LOW,Lowe's
LRCX,Lam Research
LUMN,Lumen Technologies
LUV,Southwest Airlines
LVS,Las Vegas Sands
LW,Lamb Weston
LYB,LyondellBasell
LYV,Live Nation Entertainment
MA,Mastercard
MAA,Mid-America Apartments
MAR,Marriott International
MAS,Masco
MCD,McDonald's
MCHP,Microchip Technology
MCK,McKesson Corporation
MCO,Moody's Corporation
MDLZ,Mondelez International
MDT,Medtronic
MET,MetLife
MGM,MGM Resorts International
MHK,Mohawk Industries
MKC,McCormick & Company
MKTX,MarketAxess
MLM,Martin Marietta Materials
MMC,Marsh & McLennan
MMM,3M
MNST,Monster Beverage
MO,Altria Group
MOS,The Mosaic Company
MPC,Marathon Petroleum
MPWR,Monolithic Power Systems
MRK,Merck & Co.
MRNA,Moderna
MRO,Marathon Oil
MS,Morgan Stanley
MSCI,MSCI
MSFT,Microsoft
MSI,Motorola Solutions
MTB,M&T Bank
MTCH,Match Group
MTD,Mettler Toledo
MU,Micron Technology
NCLH,Norwegian Cruise Line Holdings
NDAQ,Nasdaq
NEE,NextEra Energy
NEM,Newmont
NFLX,Netflix
NI,NiSource
NKE,Nike
NLOK,NortonLifeLock
NLSN,Nielsen Holdings
NOC,Northrop Grumman
NOW,ServiceNow
NRG,NRG Energy
NSC,Norfolk Southern
NTAP,NetApp
NTRS,Northern Trust
NUE,Nucor
NVDA,Nvidia
NVR,NVR
NWL,Newell Brands
NWS,News Corp (Class B)
NWSA,News Corp (Class A)
NXPI,NXP
O,Realty Income Corporation
ODFL,Old Dominion Freight Line
OGN,Organon & Co.
OKE,Oneok
OMC,Omnicom Group
ORCL,Oracle
ORLY,O'Reilly Automotive
OTIS,Otis Worldwide
OXY,Occidental Petroleum
PAYC,Paycom
PAYX,Paychex
PBCT,People's United Financial
PCAR,Paccar
PEAK,Healthpeak Properties
PEG,Public Service Enterprise Group
PENN,Penn National Gaming
PEP,PepsiCo
PFE,Pfizer
PFG,Principal Financial Group
PG,Procter & Gamble
PGR,Progressive Corporation
PH,Parker-Hannifin
PHM,PulteGroup
PKG,Packaging Corporation of America
PKI,PerkinElmer
PLD,Prologis
PM,Philip Morris International
PNC,PNC Financial Services
PNR,Pentair
PNW,Pinnacle West Capital
POOL,Pool Corporation
PPG,PPG Industries
PPL,PPL
PRU,Prudential Financial
PSA,Public Storage
PSX,Phillips 66
PTC,PTC
PVH,PVH
PWR,Quanta Services
PXD,Pioneer Natural Resources
PYPL,PayPal
QCOM,Qualcomm
QRVO,Qorvo
RCL,Royal Caribbean Group
RE,Everest Re
REG,Regency Centers
REGN,Regeneron Pharmaceuticals
RF,Regions Financial Corporation
RHI,Robert Half International
RJF,Raymond James Financial
RL,Ralph Lauren Corporation
RMD,ResMed
ROK,Rockwell Automation
ROL,Rollins
ROP,Roper Technologies
ROST,Ross Stores
RSG,Republic Services
RTX,Raytheon Technologies
SBAC,SBA Communications
SBUX,Starbucks
SCHW,Charles Schwab Corporation
SEE,Sealed Air
SHW,Sherwin-Williams
SIVB,SVB Financial
SJM,JM Smucker
SLB,Schlumberger
SNA,Snap-on
SNPS,Synopsys
SO,Southern Company
SPG,Simon Property Group
SPGI,S&P Global
SRE,Sempra Energy
STE,Steris
STT,State Street Corporation
STX,Seagate Technology
STZ,Constellation Brands
SWK,Stanley Black & Decker
SWKS,Skyworks Solutions
SYF,Synchrony Financial
SYK,Stryker Corporation
SYY,Sysco
T,AT&T
TAP,Molson Coors Beverage Company
TDG,TransDigm Group
TDY,Teledyne Technologies
TECH,Bio-Techne
TEL,TE Connectivity
TER,Teradyne
TFC,Truist Financial
TFX,Teleflex
TGT,Target Corporation
TJX,TJX Companies
TMO,Thermo Fisher Scientific
TMUS,T-Mobile US
TPR,Tapestry
TRMB,Trimble
TROW,T. Rowe Price
TRV,The Travelers Companies
TSCO,Tractor Supply Company
TSLA,Tesla
TSN,Tyson Foods
TT,Trane Technologies
TTWO,Take-Two Interactive
TWTR,Twitter
TXN,Texas Instruments
TXT,Textron
TYL,Tyler Technologies
UA,Under Armour (Class C)
UAA,Under Armour (Class A)
UAL,United Airlines
UDR,UDR
UHS,Universal Health Services
ULTA,Ulta Beauty
UNH,UnitedHealth Group
UNP,Union Pacific
UPS,United Parcel Service
URI,United Rentals
USB,U.S. Bancorp
V,Visa
VFC,VF Corporation
VIAC,ViacomCBS
VLO,Valero Energy
VMC,Vulcan Materials
VNO,Vornado Realty Trust
VRSK,Verisk Analytics
VRSN,Verisign
VRTX,Vertex Pharmaceuticals
VTR,Ventas
VTRS,Viatris
VZ,Verizon Communications
WAB,Wabtec
WAT,Waters Corporation
WBA,Walgreens Boots Alliance
WDC,Western Digital
WEC,WEC Energy Group
WELL,Welltower
WFC,Wells Fargo
WHR,Whirlpool Corporation
WLTW,Willis Towers Watson
WM,Waste Management
WMB,Williams Companies
WMT,Walmart
WRB,W. R. Berkley Corporation
WRK,WestRock
WST,West Pharmaceutical Services
WU,Western Union
WY,Weyerhaeuser
WYNN,Wynn Resorts
XEL,Xcel Energy
XLNX,Xilinx
XOM,ExxonMobil
XRAY,Dentsply Sirona
XYL,Xylem
YUM,Yum! Brands
ZBH,Zimmer Biomet
ZBRA,Zebra Technologies
ZION,Zions Bancorp
ZTS,Zoetis